Player,Shot,Type,Stroke,Spin,Speed (MPH),Point,Game,Set,Bounce Depth,Bounce Zone,Bounce Side,Bounce (x),Bounce (y),Hit Depth,Hit Zone,Hit Side,Hit (x),Hit (y),Hit (z),Direction,Result,Favorited,Start Time,Video Time
Player A,0,none,Feed,Flat,25.114799,1,0,0,no_mans_land,ad,near,-0.517682,4.270562,out,ad,far,0.163967,25.341398,0.778482,---,In,false,22:46:59,
Player B,1,none,Backhand,Topspin,46.128777,1,0,0,no_mans_land,ad,far,0.327598,20.730919,out,ad,near,-0.842163,-0.684779,1.039906,cross court,In,false,22:47:00,
Player A,2,none,Forehand,Flat,58.368824,1,0,0,no_mans_land,ad,near,-2.622315,2.029263,no_mans_land,ad,far,0.339278,24.174992,1.70348,cross court,In,false,22:47:02,
Player B,3,none,Backhand,Flat,44.495892,1,0,0,no_mans_land,ad,far,0.765345,19.733168,out,ad,near,-2.746448,-1.154936,0.934796,cross court,In,false,22:47:03,
Player A,4,none,Forehand,Topspin,46.041744,1,0,0,no_mans_land,deuce,near,0.454382,2.873709,no_mans_land,ad,far,1.103637,24.818979,1.464712,down the line,In,false,22:47:05,
Player B,5,none,Forehand,Topspin,41.921459,1,0,0,no_mans_land,ad,far,3.473671,23.619349,out,deuce,near,0.395327,-1.660458,1.237953,down the line,In,false,22:47:06,
Player A,6,none,Forehand,Topspin,54.075794,1,0,0,no_mans_land,deuce,near,1.949332,3.147816,no_mans_land,ad,far,3.473671,24.828136,0.955763,down the line,In,false,22:47:08,
Player B,7,none,Forehand,Topspin,41.919987,1,0,0,no_mans_land,ad_alley,far,4.64322,21.102854,out,deuce_alley,near,4.885168,-2.037978,0.959036,down the line,Out,false,22:47:10,
Player A,8,none,Forehand,Slice,33.1031,1,0,0,no_mans_land,deuce,near,0.760929,4.777353,no_mans_land,ad,far,3.844389,24.479006,1.353358,down the line,In,false,22:47:11,
Player B,9,none,Backhand,Topspin,41.539551,1,0,0,no_mans_land,ad,far,1.428413,19.482353,no_mans_land,deuce,near,0.414403,1.018514,0.608241,inside in,In,false,22:47:14,
Player A,10,none,Forehand,Topspin,51.509193,1,0,0,service_box,ad,near,-0.46567,6.162109,out,ad,far,1.698391,26.334936,0.818832,cross court,In,false,22:47:15,
Player B,11,none,Backhand,Slice,39.334072,1,0,0,out,deuce,far,-0.633362,24.478203,no_mans_land,ad,near,-1.341599,-0.210125,0.35714,down the line,Out,false,22:47:17,
Player A,12,none,Backhand,Topspin,28.74791,1,0,0,service_box,ad,far,0.868372,16.000246,out,deuce,far,-0.633362,25.686991,1.003217,down the line,Net,false,22:47:19,
Player A,0,none,Feed,Topspin,24.248772,2,0,0,service_box,ad,near,-0.840737,5.846856,out,ad,far,0.724107,26.505823,0.831274,---,In,false,22:47:22,
Player B,1,none,Backhand,Topspin,45.591206,2,0,0,no_mans_land,ad,far,1.384797,18.829731,no_mans_land,ad,near,-1.490325,0.671825,0.620509,cross court,In,false,22:47:24,
Player A,2,none,Forehand,Topspin,45.606514,2,0,0,no_mans_land,deuce,near,1.233557,2.774692,out,ad,far,2.37881,26.167318,0.925526,down the line,In,false,22:47:25,
Player B,3,none,Forehand,Flat,44.468182,2,0,0,no_mans_land,ad,far,0.393103,20.938953,out,deuce,near,1.230809,-0.796532,1.040687,down the line,In,false,22:47:27,
Player A,4,none,Forehand,Topspin,49.993259,2,0,0,service_box,ad,near,-1.899745,6.177888,out,ad,far,0.109076,25.800663,1.18342,cross court,In,false,22:47:28,
Player B,5,none,Backhand,Flat,44.595898,2,0,0,service_box,ad,far,2.744822,16.867847,out,ad,near,-2.29048,-0.653145,0.454035,cross court,In,false,22:47:30,
Player A,6,none,Forehand,Slice,34.263161,2,0,0,no_mans_land,deuce,near,0.614228,2.528754,no_mans_land,ad,far,3.949298,24.763571,0.676736,down the line,In,false,22:47:32,
Player B,7,none,Forehand,Topspin,42.783634,2,0,0,no_mans_land,deuce,far,-0.673391,19.278557,out,ad,near,-0.114231,-2.725391,1.411811,inside in,In,false,22:47:34,
Player A,8,none,Backhand,Topspin,49.999809,2,0,0,no_mans_land,deuce,near,0.771789,3.099491,out,deuce,far,-1.145409,26.208054,1.107814,cross court,In,false,22:47:36,
Player B,9,none,Forehand,Flat,44.38649,2,0,0,no_mans_land,deuce,far,-2.816356,23.62425,out,deuce,near,0.779308,-0.662667,1.30203,cross court,In,false,22:47:38,
Player A,10,none,Backhand,Flat,51.632549,2,0,0,service_box,ad,near,-0.952606,5.701383,out,deuce,far,-3.088457,25.971788,1.116809,down the line,In,false,22:47:39,
Player B,11,none,Forehand,Flat,45.344578,2,0,0,no_mans_land,deuce,far,-1.125481,21.250572,no_mans_land,ad,near,-0.440756,0.301566,0.65047,inside in,In,false,22:47:41,
Player A,12,none,Backhand,Topspin,41.743702,2,0,0,no_mans_land,deuce,near,1.101561,3.212445,out,deuce,far,-1.165181,26.159845,0.849409,cross court,In,false,22:47:42,
Player B,13,none,Forehand,Topspin,37.494576,2,0,0,no_mans_land,deuce,far,-3.886259,21.01215,no_mans_land,deuce,near,1.213823,0.550523,1.342743,cross court,In,false,22:47:44,
Player A,14,none,Backhand,Topspin,35.204449,2,0,0,service_box,deuce,far,-2.976933,13.691463,out,deuce_alley,far,-4.34458,25.409861,0.850901,down the line,Net,false,22:47:46,
Player B,0,none,Feed,Topspin,17.320551,3,0,0,no_mans_land,deuce,far,-0.778746,21.508421,no_mans_land,deuce,near,0.114,1.291083,1.19213,---,In,false,22:47:50,
Player A,1,none,Backhand,Topspin,38.960827,3,0,0,service_box,ad,near,-2.727375,6.437084,out,deuce,far,-0.872863,25.150923,1.145622,down the line,In,false,22:47:52,
Player B,2,none,Backhand,Topspin,42.258202,3,0,0,no_mans_land,deuce,far,-3.091111,20.04719,out,ad,near,-3.091111,-0.870992,0.460167,down the line,In,false,22:47:55,
Player A,3,none,Forehand,Topspin,50.556797,3,0,0,service_box,ad,near,-0.033735,6.268218,out,deuce,far,-0.467128,26.23345,1.306383,inside in,In,false,22:47:56,
Player B,4,none,Forehand,Topspin,44.275707,3,0,0,no_mans_land,deuce,far,-2.445494,20.832472,out,ad,near,-0.384919,-0.629222,0.691584,inside in,In,false,22:47:58,
Player A,5,none,Backhand,Topspin,32.632236,3,0,0,service_box,deuce,far,-2.594674,11.970857,out,deuce,far,-2.818375,25.96874,1.214474,cross court,Net,false,22:47:59,
Player A,0,none,Feed,Topspin,19.918634,4,0,0,no_mans_land,ad,near,-0.114882,2.305392,out,ad,far,0.302285,26.818512,0.557166,---,In,false,22:48:22,
Player B,1,none,Backhand,Topspin,47.805653,4,0,0,no_mans_land,deuce,far,-1.256557,19.898762,out,ad,near,-0.377488,-1.77049,1.181177,down the line,In,false,22:48:24,
Player A,2,none,Backhand,Slice,35.759933,4,0,0,service_box,ad,near,-2.084787,7.089219,out,deuce,far,-1.401475,25.406874,0.93173,down the line,In,false,22:48:26,
Player B,3,none,Backhand,Slice,39.723621,4,0,0,no_mans_land,ad,far,4.084846,18.541388,no_mans_land,ad,near,-2.214636,0.246704,0.633221,cross court,In,false,22:48:28,
Player A,4,none,Forehand,Topspin,42.332504,4,0,0,service_box,deuce,near,1.272124,10.025137,no_mans_land,ad,far,0.669693,24.344957,0.921897,down the line,In,false,22:48:30,
Player B,5,none,Overhead,Flat,41.941406,4,0,0,service_box,deuce,far,-0.461154,16.745827,service_box,deuce,near,1.272124,9.49989,2.110465,---,In,false,22:48:30,
Player A,6,none,Backhand,Slice,27.598906,4,0,0,service_box,deuce,far,-0.123153,13.642582,no_mans_land,deuce,far,-1.4595,23.943913,0.433409,cross court,Net,false,22:48:32,
Player A,0,none,Feed,Flat,24.248772,5,0,0,no_mans_land,deuce,near,0.38617,3.397389,no_mans_land,ad,far,0.209768,19.745882,1.622156,---,In,false,22:48:40,
Player B,1,none,Forehand,Topspin,49.217323,5,0,0,service_box,deuce,far,-2.450229,17.839355,out,deuce,near,0.470186,-1.626037,0.992976,cross court,In,false,22:48:41,
Player A,2,none,Backhand,Slice,42.129574,5,0,0,out,deuce,near,2.458908,-0.744154,out,deuce,far,-3.152042,25.059599,0.61919,cross court,Out,false,22:48:43,
Player B,3,none,Forehand,Flat,42.467751,5,0,0,service_box,deuce,near,0.790909,10.900815,no_mans_land,deuce,near,2.435012,-0.480801,1.234989,cross court,Net,false,22:48:45,
Player B,0,none,Feed,Topspin,22.516716,6,0,0,service_box,ad,far,0.00755,18.257591,no_mans_land,ad,near,-0.522081,0.588297,0.663426,---,In,false,22:48:52,
Player A,1,none,Forehand,Topspin,43.866428,6,0,0,out,deuce,near,0.382904,-0.574347,out,ad,far,0.344388,25.967056,0.981625,down the line,Out,false,22:48:54,
Player B,2,none,Forehand,Topspin,37.75489,6,0,0,service_box,ad,far,2.668336,15.840522,out,deuce,near,0.328648,-2.067151,0.826387,down the line,In,false,22:48:56,
Player A,3,none,Forehand,Topspin,46.248402,6,0,0,no_mans_land,ad,near,-0.683111,2.207883,no_mans_land,ad,far,3.272563,24.956308,0.592607,cross court,In,false,22:48:58,
Player B,4,none,Forehand,Topspin,48.659523,6,0,0,no_mans_land,ad,far,1.289016,20.55163,out,ad,near,-0.795791,-0.821056,1.299072,inside out,In,false,22:48:59,
Player A,5,none,Forehand,Topspin,48.487534,6,0,0,service_box,ad,near,-1.12592,6.530651,out,ad,far,1.132872,25.560852,1.557878,cross court,In,false,22:49:00,
Player B,6,none,Backhand,Flat,55.600418,6,0,0,no_mans_land,ad,far,1.165653,18.551975,no_mans_land,ad,near,-2.325801,0.463864,0.453973,cross court,In,false,22:49:02,
Player A,7,none,Forehand,Flat,46.035946,6,0,0,no_mans_land,ad,near,-2.51923,0.880962,out,ad,far,1.958226,25.370741,1.080304,cross court,In,false,22:49:04,
Player B,8,none,Backhand,Flat,54.538174,6,0,0,no_mans_land,ad,far,0.757912,22.152218,out,ad,near,-2.724882,-0.791385,0.937737,cross court,In,false,22:49:05,
Player A,9,none,FH Volley,Flat,24.248772,6,0,0,service_box,ad,near,-4.101441,6.533144,no_mans_land,ad,far,0.757912,23.361006,1.162591,cross court,In,false,22:49:06,
Player A,0,none,Feed,Topspin,23.382744,7,0,0,no_mans_land,deuce,near,0.463284,5.456069,out,ad,far,0.952798,25.313322,0.78365,---,In,false,22:49:09,
Player B,1,none,Forehand,Topspin,42.761345,7,0,0,no_mans_land,ad,far,2.470002,20.01038,out,deuce,near,0.489874,-0.735335,1.05834,down the line,In,false,22:49:11,
Player A,2,none,Forehand,Topspin,52.162624,7,0,0,no_mans_land,deuce,near,0.498183,3.692586,out,ad,far,2.498023,24.986872,1.520537,down the line,In,false,22:49:12,
Player B,3,none,Forehand,Topspin,53.787258,7,0,0,no_mans_land,ad,far,0.874066,21.876125,out,deuce,near,0.515411,-1.18613,0.853909,down the line,In,false,22:49:13,
Player A,4,none,Forehand,Topspin,38.692062,7,0,0,no_mans_land,ad_alley,near,-4.339821,1.236465,out,ad,far,0.746231,26.056513,0.931785,down the line,Out,false,22:49:15,
Player B,5,none,Backhand,Topspin,44.347584,7,0,0,no_mans_land,deuce,far,-1.311336,19.103722,out,ad_alley,near,-4.627976,-2.668207,1.228971,down the line,In,false,22:49:17,
Player A,6,none,Backhand,Topspin,43.988911,7,0,0,out,ad,near,-2.193279,-0.690287,no_mans_land,deuce,far,-0.261778,24.667288,1.124387,down the line,Out,false,22:49:19,
Player B,7,none,Backhand,Flat,32.884235,7,0,0,no_mans_land,deuce,far,-2.731079,18.32865,out,ad,near,-2.248991,-1.927508,0.594959,down the line,In,false,22:49:20,
Player A,8,none,Backhand,Topspin,43.435169,7,0,0,no_mans_land,deuce,near,1.010759,3.343905,out,deuce,far,-3.205866,25.637251,0.634081,cross court,In,false,22:49:24,
Player B,9,none,Forehand,Flat,38.989719,7,0,0,out,deuce,far,-3.008625,25.379459,no_mans_land,deuce,near,1.51088,-0.300586,1.364614,cross court,Out,false,22:49:25,
Player A,0,none,Feed,Topspin,25.114799,8,0,0,no_mans_land,deuce,near,0.512645,3.872234,out,deuce,far,-0.332728,26.451874,0.544508,---,In,false,22:49:30,
Player B,1,none,Forehand,Topspin,39.591774,8,0,0,service_box,ad,near,-1.383583,11.409687,out,deuce,near,0.453729,-2.260539,0.927085,down the line,Net,false,22:49:32,
Player A,0,none,Feed,Flat,18.186579,9,0,0,no_mans_land,deuce,near,0.423555,3.324268,out,deuce,far,-0.090827,25.469521,0.607613,---,In,false,22:49:35,
Player B,1,none,Forehand,Flat,47.597069,9,0,0,no_mans_land,ad,far,0.857434,22.118164,out,deuce,near,0.337928,-1.371824,1.323632,down the line,In,false,22:49:37,
Player A,2,none,Forehand,Topspin,51.919163,9,0,0,no_mans_land,ad,near,-0.622643,3.458073,out,ad,far,0.676234,26.099516,1.09523,cross court,In,false,22:49:38,
Player B,3,none,Backhand,Flat,44.331402,9,0,0,service_box,deuce,far,-0.655854,17.46913,out,ad,near,-1.168221,-0.657629,0.66111,down the line,In,false,22:49:40,
Player A,4,none,Forehand,Topspin,47.108425,9,0,0,no_mans_land,deuce,near,1.251234,1.314988,out,deuce,far,-0.488013,25.523344,0.995199,inside out,In,false,22:49:41,
Player B,5,none,Forehand,Flat,47.889606,9,0,0,no_mans_land,ad,far,1.162498,19.661943,out,deuce,near,1.374653,-0.754317,1.032409,down the line,In,false,22:49:43,
Player A,6,none,Forehand,Topspin,45.214783,9,0,0,no_mans_land,ad,near,-1.612617,1.751833,out,ad,far,0.908765,25.440138,1.049662,cross court,In,false,22:49:44,
Player B,7,none,Backhand,Flat,54.678982,9,0,0,no_mans_land,ad,far,1.426199,21.498039,out,ad,near,-2.026188,-1.747489,1.000405,cross court,In,false,22:49:46,
Player A,8,none,Forehand,Topspin,51.826584,9,0,0,no_mans_land,ad,near,-1.60074,4.142996,out,ad,far,1.52676,26.547483,0.994627,cross court,In,false,22:49:47,
Player B,9,none,Backhand,Flat,52.051243,9,0,0,out,ad,far,1.914712,25.218708,out,ad,near,-2.413842,-0.550098,0.870331,cross court,Out,false,22:49:49,
Player A,10,none,Forehand,Topspin,58.002674,9,0,0,service_box,ad,far,2.53388,18.040007,out,ad,far,2.213499,27.255865,0.815674,cross court,Net,false,22:49:50,
Player A,0,none,Feed,Topspin,17.320551,10,0,0,no_mans_land,ad,near,-0.975363,2.914528,no_mans_land,ad,far,0.815911,23.218931,0.708758,---,In,false,22:50:15,
Player B,1,none,Backhand,Flat,44.545483,10,0,0,no_mans_land,deuce,far,-2.684945,23.600836,no_mans_land,ad,near,-1.853213,-0.371897,0.924895,down the line,In,false,22:50:17,
Player A,2,none,Backhand,Flat,41.613445,10,0,0,no_mans_land,ad,near,-1.165763,1.920516,out,deuce,far,-2.373849,25.735367,1.201876,down the line,In,false,22:50:18,
Player B,3,none,Backhand,Topspin,40.807152,10,0,0,service_box,ad,far,2.121257,16.631025,out,ad,near,-1.36694,-1.834134,1.134509,cross court,In,false,22:50:20,
Player A,4,none,Forehand,Topspin,46.155861,10,0,0,no_mans_land,ad,near,-2.172934,1.866705,out,ad,far,3.238746,26.130428,0.688711,cross court,In,false,22:50:22,
Player B,5,none,Backhand,Topspin,47.942375,10,0,0,service_box,deuce,far,-2.986734,17.843296,out,ad,near,-2.925666,-1.991952,1.276975,down the line,In,false,22:50:23,
Player A,6,none,Backhand,Slice,39.775997,10,0,0,out,ad,near,-1.638044,-1.478857,no_mans_land,deuce,far,-2.442935,24.665165,0.809194,down the line,Out,false,22:50:25,
Player B,7,none,Backhand,Flat,36.252613,10,0,0,service_box,ad,near,-0.397391,7.04404,out,ad,near,-1.638044,-3.024931,0.149608,cross court,Net,false,22:50:27,
Player B,0,none,Feed,Flat,19.052607,11,0,0,no_mans_land,ad,far,1.415037,22.839251,no_mans_land,deuce,near,0.530173,1.751828,0.945314,---,In,false,22:50:30,
Player A,1,none,Forehand,Topspin,46.670918,11,0,0,service_box,deuce,near,0.8066,6.281225,out,ad,far,1.420872,25.909554,1.005953,down the line,In,false,22:50:32,
Player B,2,none,Forehand,Flat,40.64436,11,0,0,no_mans_land,deuce,far,-0.464495,22.106819,no_mans_land,deuce,near,0.296221,-0.052808,0.75782,cross court,In,false,22:50:33,
Player A,3,none,FH Volley,Flat,18.186579,11,0,0,no_mans_land,ad,near,-2.61216,1.217049,no_mans_land,deuce,far,-0.464495,23.315607,1.373647,down the line,In,false,22:50:35,
Player B,4,none,Backhand,Flat,49.018372,11,0,0,service_box,ad,far,1.149137,17.186499,out,ad,near,-3.200505,-1.95424,1.129645,cross court,In,false,22:50:37,
Player A,5,none,Forehand,Topspin,50.020184,11,0,0,no_mans_land,ad,near,-2.224489,0.286302,out,ad,far,2.17075,25.764368,0.881311,cross court,In,false,22:50:39,
Player B,6,none,Backhand,Topspin,36.221008,11,0,0,no_mans_land,deuce_alley,far,-5.223277,19.681026,out,ad,near,-2.706834,-3.374408,1.204993,down the line,Out,false,22:50:40,
Player A,7,none,Backhand,Topspin,40.997223,11,0,0,no_mans_land,deuce,near,0.8218,2.634808,out,deuce_out,far,-5.534963,26.624453,1.010558,down the line,In,false,22:50:43,
Player B,8,none,Forehand,Flat,40.282707,11,0,0,no_mans_land,deuce,far,-1.719632,20.235273,out,deuce,near,1.476562,-0.680546,1.704901,cross court,In,false,22:50:45,
Player A,9,none,Backhand,Topspin,47.564144,11,0,0,no_mans_land,deuce,near,2.028795,4.245742,out,deuce,far,-2.070763,26.572351,1.35093,cross court,In,false,22:50:47,
Player B,10,none,Forehand,Topspin,47.431374,11,0,0,service_box,deuce,near,3.234167,8.397079,out,deuce,near,3.220899,-2.109456,1.012989,cross court,Net,false,22:50:49,
Player A,0,none,Feed,Flat,18.186579,12,0,0,no_mans_land,ad,near,-0.527852,2.725204,out,ad,far,0.831915,25.179007,0.737866,---,In,false,22:50:52,
Player B,1,none,Backhand,Topspin,45.018379,12,0,0,no_mans_land,deuce,far,-2.362531,18.984333,out,ad,near,-0.87539,-1.275195,1.099412,down the line,In,false,22:50:54,
Player A,2,none,Backhand,Topspin,48.028507,12,0,0,out,ad,near,-0.205422,-0.863439,out,deuce,far,-2.247781,26.314428,0.920264,down the line,Out,false,22:50:56,
Player B,0,none,Feed,Flat,21.650688,13,0,0,no_mans_land,deuce,far,-1.967255,18.876511,no_mans_land,ad,near,-0.350749,0.145587,0.983335,---,In,false,22:50:59,
Player A,1,none,Backhand,Topspin,50.861191,13,0,0,no_mans_land,deuce,near,0.587314,4.249274,out,deuce,far,-2.215488,25.952875,1.33082,cross court,In,false,22:51:01,
Player B,2,none,Forehand,Flat,38.29026,13,0,0,out,deuce,far,-1.260319,25.42724,no_mans_land,deuce,near,0.825554,0.363403,1.248081,cross court,Out,false,22:51:02,
Player A,3,none,Forehand,Topspin,45.297565,13,0,0,no_mans_land,deuce,near,0.52092,4.261061,out,deuce,far,-2.094734,26.233362,1.189772,inside out,In,false,22:51:04,
Player B,4,none,Forehand,Flat,34.633095,13,0,0,service_box,ad,far,0.719678,17.552467,no_mans_land,deuce,near,0.535735,-0.110366,0.800993,down the line,In,false,22:51:06,
Player B,0,none,Feed,Flat,21.650688,15,0,0,service_box,deuce,far,-1.792506,17.326181,no_mans_land,deuce,near,0.2248,0.934345,0.888321,---,In,false,22:51:39,
Player A,1,none,Backhand,Topspin,43.046219,15,0,0,no_mans_land,deuce,near,1.012698,2.007422,out,deuce,far,-2.615283,25.687639,0.326329,cross court,In,false,22:51:41,
Player B,2,none,Forehand,Topspin,38.210526,15,0,0,no_mans_land,deuce,far,-0.342494,21.201542,out,deuce,near,1.286838,-0.687473,1.327453,cross court,In,false,22:51:42,
Player A,3,none,Forehand,Topspin,48.622723,15,0,0,service_box,deuce,near,2.125305,6.282135,out,deuce,far,-1.050489,26.595797,1.394062,inside out,In,false,22:51:45,
Player B,4,none,Forehand,Topspin,59.564747,15,0,0,service_box,deuce,far,-1.344387,17.59276,no_mans_land,deuce,near,2.615528,-0.102424,0.767541,cross court,In,false,22:51:46,
Player A,5,none,Backhand,Flat,45.032093,15,0,0,no_mans_land,deuce,near,1.742415,1.355618,no_mans_land,deuce,far,-4.01741,24.872322,0.734782,cross court,In,false,22:51:48,
Player B,6,none,Forehand,Flat,42.047325,15,0,0,out,deuce_alley,far,-4.286193,25.309032,out,deuce,near,2.710746,-2.224313,1.32525,down the line,Out,false,22:51:50,
Player A,0,none,Feed,Topspin,25.114799,16,0,0,no_mans_land,deuce,near,1.764677,2.439524,out,deuce,far,-1.941844,25.606609,0.864322,---,In,false,22:51:57,
Player B,1,none,Forehand,Flat,32.840324,16,0,0,no_mans_land,ad,far,1.529028,19.318766,out,deuce,near,2.332209,-1.436111,1.755005,down the line,In,false,22:51:59,
Player A,2,none,Forehand,Topspin,45.235119,16,0,0,no_mans_land,deuce,near,0.46995,2.606388,out,ad,far,1.530059,25.457458,0.753795,down the line,In,false,22:52:02,
Player B,3,none,Forehand,Flat,39.719616,16,0,0,no_mans_land,ad,far,1.666018,22.352634,out,deuce,near,0.330103,-1.846242,1.26897,down the line,In,false,22:52:03,
Player A,4,none,Forehand,Topspin,49.071068,16,0,0,no_mans_land,ad,near,-0.609272,0.42689,out,ad,far,1.933604,25.79038,1.598485,cross court,In,false,22:52:05,
Player B,5,none,Backhand,Topspin,47.044609,16,0,0,out,deuce,far,-0.565909,24.277363,out,ad,near,-1.003921,-1.588237,1.200643,down the line,Out,false,22:52:07,
Player A,6,none,Forehand,Topspin,46.277878,16,0,0,no_mans_land,deuce,near,2.720553,2.983317,out,deuce,far,-0.74354,26.542091,0.990413,inside out,In,false,22:52:08,
Player B,7,none,Forehand,Flat,37.137321,16,0,0,no_mans_land,deuce,far,-0.681463,22.307106,out,deuce,near,3.808199,-2.288687,0.933848,cross court,In,false,22:52:10,
Player A,8,none,Forehand,Topspin,43.159019,16,0,0,service_box,ad,near,-1.76544,5.856718,out,deuce,far,-1.559523,27.540565,1.648271,inside in,In,false,22:52:12,
Player B,9,none,Backhand,Topspin,41.162113,16,0,0,out,deuce,far,-3.582101,24.840872,out,ad,near,-2.054307,-1.15901,0.977237,down the line,Out,false,22:52:14,
Player A,10,none,Backhand,Topspin,44.683525,16,0,0,service_box,deuce,near,1.833236,6.589138,out,deuce,far,-3.125574,27.259853,1.358284,cross court,In,false,22:52:16,
Player B,11,none,Forehand,Flat,44.525291,16,0,0,service_box,deuce,far,-1.921692,17.230036,no_mans_land,deuce,near,3.276335,0.366155,0.630348,cross court,In,false,22:52:18,
Player A,12,none,Backhand,Flat,39.407963,16,0,0,no_mans_land,ad,near,-0.800411,4.033925,no_mans_land,deuce_alley,far,-4.232213,23.637861,0.709516,down the line,In,false,22:52:20,
Player B,13,none,Forehand,Topspin,37.876835,16,0,0,out,deuce,far,-2.548587,24.266167,no_mans_land,deuce,near,0.790427,0.22166,0.553234,cross court,Out,false,22:52:22,
Player A,14,none,Backhand,Topspin,50.474117,16,0,0,no_mans_land,ad,near,-3.476039,2.932211,out,deuce,far,-2.587481,26.301346,0.942843,down the line,In,false,22:52:24,
Player B,15,none,Backhand,Flat,33.181995,16,0,0,service_box,deuce,far,-3.226103,15.91179,out,ad,near,-3.187704,-2.341409,0.892173,down the line,In,false,22:52:25,
Player A,16,none,Backhand,Slice,38.631226,16,0,0,no_mans_land,deuce,near,1.370189,3.095872,no_mans_land,deuce,far,-1.27391,20.206104,0.818941,cross court,In,false,22:52:28,
Player B,17,none,Forehand,Topspin,43.253414,16,0,0,service_box,deuce,far,-3.924639,17.19063,no_mans_land,deuce,near,1.502053,0.864985,1.125826,cross court,In,false,22:52:29,
Player A,0,none,Feed,Topspin,17.320551,17,0,0,no_mans_land,deuce,near,0.512818,3.248891,no_mans_land,ad,far,0.740754,24.047615,0.948939,---,In,false,22:52:36,
Player B,1,none,Forehand,Flat,37.542362,17,0,0,no_mans_land,ad,far,0.625992,23.065353,no_mans_land,deuce,near,0.511237,-0.469516,1.705883,down the line,In,false,22:52:37,
Player A,2,none,Forehand,Topspin,52.626728,17,0,0,out,ad,near,-0.850979,-0.385588,out,ad,far,0.722775,26.471806,0.75719,cross court,Out,false,22:52:39,
Player B,3,none,Backhand,Flat,40.647449,17,0,0,service_box,ad,far,0.577698,16.817152,out,ad,near,-1.054489,-2.272357,0.934487,cross court,In,false,22:52:41,
Player A,4,none,Forehand,Flat,48.025368,17,0,0,no_mans_land,ad,near,-0.373099,1.92635,out,ad,far,1.184095,25.877958,0.428822,cross court,In,false,22:52:43,
Player B,5,none,Backhand,Topspin,41.391613,17,0,0,no_mans_land,ad,far,0.442745,21.684065,no_mans_land,ad,near,-0.705136,-0.447726,1.22171,cross court,In,false,22:52:44,
Player A,6,none,Forehand,Topspin,43.687729,17,0,0,no_mans_land,ad,near,-1.454948,0.267419,out,ad,far,0.6777,26.156328,0.462987,cross court,In,false,22:52:46,
Player B,7,none,Backhand,Flat,37.576668,17,0,0,service_box,deuce,far,-1.7787,15.500267,out,ad,near,-1.845504,-2.103411,1.158174,down the line,In,false,22:52:47,
Player A,8,none,Backhand,Slice,32.584133,17,0,0,service_box,deuce,near,1.146354,5.979635,no_mans_land,deuce,far,-1.556932,23.899214,0.886967,cross court,In,false,22:52:49,
Player B,9,none,Forehand,Topspin,31.674984,17,0,0,service_box,ad,near,-1.026555,10.626064,no_mans_land,deuce,near,1.334499,2.989007,0.350304,down the line,Net,false,22:52:51,
Player B,0,none,Feed,Flat,22.516716,18,0,0,no_mans_land,ad,far,1.198674,22.061049,service_box,ad,near,-0.403856,10.37242,2.583069,---,In,false,22:52:58,
Player A,1,none,Forehand,Topspin,48.103882,18,0,0,service_box,ad,near,-0.666934,5.636953,no_mans_land,ad,far,0.277341,24.622435,1.137021,cross court,In,false,22:52:59,
Player B,2,none,BH Volley,Flat,19.918634,18,0,0,service_box,deuce,far,-1.338386,16.918896,service_box,ad,near,-0.666934,11.616245,3.646016,down the line,In,false,22:53:00,
Player A,3,none,Backhand,Topspin,40.95203,18,0,0,service_box,deuce,near,0.2451,11.191183,no_mans_land,deuce,far,-1.694785,23.865088,0.472527,cross court,In,false,22:53:01,
Player B,4,none,FH Volley,Flat,20.301201,18,0,0,service_box,ad,far,1.398353,15.117551,service_box,deuce,near,0.2451,10.665936,2.177922,down the line,In,false,22:53:02,
Player A,5,none,Forehand,Topspin,42.589916,18,0,0,no_mans_land,deuce,near,3.322149,2.462809,out,ad,far,3.505101,25.679022,0.527715,down the line,In,false,22:53:05,
Player A,0,none,Feed,Topspin,20.784662,19,0,0,service_box,ad,near,-1.617527,11.342812,no_mans_land,deuce,far,-0.173101,22.075993,1.271644,---,In,false,22:53:09,
Player B,1,none,BH Volley,Flat,22.520477,19,0,0,service_box,deuce,far,-0.825636,17.387199,service_box,ad,near,-1.617527,10.817565,1.112537,down the line,In,false,22:53:10,
Player A,2,none,Overhead,Flat,88.798691,19,0,0,service_box,deuce,far,-1.279115,17.845581,service_box,deuce,far,-1.279115,19.054369,0.029611,---,Net,false,22:53:13,
Player A,3,none,Backhand,Flat,40.058228,19,0,0,service_box,ad,near,-0.366276,11.525223,out,deuce,far,-3.33693,25.743343,0.62216,down the line,In,false,22:53:14,
Player B,4,none,Overhead,Flat,18.186579,19,0,0,service_box,ad,far,0.567728,16.990646,service_box,ad,near,-0.366276,10.999976,1.882054,cross court,In,false,22:53:15,
Player A,0,none,Feed,Flat,23.382744,20,0,0,no_mans_land,ad,near,-1.315175,2.261716,out,deuce,far,-0.290875,25.605127,0.816285,---,In,false,22:53:34,
Player B,1,none,Backhand,Flat,43.680099,20,0,0,service_box,deuce,far,-1.309531,18.152798,out,ad,near,-2.076259,-1.433753,0.846328,down the line,In,false,22:53:36,
Player A,2,none,Backhand,Flat,43.9772,20,0,0,no_mans_land,deuce,near,0.944494,4.730481,out,deuce,far,-1.02973,25.297094,0.384151,cross court,In,false,22:53:38,
Player B,3,none,Forehand,Topspin,42.643463,20,0,0,no_mans_land,deuce,far,-1.792579,21.221516,out,deuce,near,1.55854,-1.228456,0.487245,cross court,In,false,22:53:40,
Player A,4,none,Backhand,Topspin,54.193623,20,0,0,no_mans_land,deuce,near,0.430046,4.961642,out,deuce,far,-2.166236,26.255646,1.339041,cross court,In,false,22:53:41,
Player B,5,none,Forehand,Topspin,49.557835,20,0,0,no_mans_land,ad,near,-0.342486,3.594108,no_mans_land,deuce,near,0.58137,-0.191282,0.533383,down the line,Net,false,22:53:43,
Player B,0,none,Feed,Topspin,22.516716,21,0,0,service_box,deuce,far,-0.568321,16.094069,no_mans_land,deuce,near,0.152594,1.415303,1.055853,---,In,false,22:53:45,
Player A,1,none,Backhand,Slice,45.842403,21,0,0,service_box,ad,near,-0.245042,5.773907,no_mans_land,deuce,far,-0.86562,24.737619,1.097262,down the line,In,false,22:53:47,
Player B,2,none,Forehand,Topspin,46.687462,21,0,0,no_mans_land,deuce,far,-0.549876,20.804991,no_mans_land,ad,near,-0.416092,0.684443,0.730527,inside in,In,false,22:53:49,
Player A,3,none,Forehand,Topspin,43.624104,21,0,0,no_mans_land,deuce,near,0.957659,4.153798,out,ad,far,0.453815,25.928225,1.013643,down the line,In,false,22:53:50,
Player B,4,none,Forehand,Topspin,36.744598,21,0,0,service_box,deuce,far,-3.15424,16.038713,no_mans_land,deuce,near,0.904494,-0.142669,0.949907,cross court,In,false,22:53:52,
Player A,5,none,Backhand,Slice,39.826809,21,0,0,out,ad,near,-1.938629,-0.922222,no_mans_land,deuce_alley,far,-5.177981,24.196236,0.656129,down the line,Out,false,22:53:54,
Player B,0,none,Feed,Topspin,19.918634,22,0,0,no_mans_land,ad,far,0.95955,19.638268,no_mans_land,ad,near,-0.316943,0.261283,0.828604,---,In,false,22:53:59,
Player A,1,none,Forehand,Topspin,48.503326,22,0,0,service_box,ad,near,-1.288812,6.047267,out,ad,far,1.092007,25.770372,1.658587,cross court,In,false,22:54:01,
Player B,2,none,Backhand,Flat,44.005199,22,0,0,no_mans_land,deuce,far,-0.541763,23.529316,no_mans_land,ad,near,-2.335108,0.256202,0.819006,down the line,In,false,22:54:03,
Player A,3,none,FH Volley,Flat,20.784662,22,0,0,service_box,ad,near,-1.669022,7.040479,no_mans_land,deuce,far,-0.541763,24.738104,0.882971,down the line,In,false,22:54:04,
Player B,4,none,Backhand,Topspin,38.417858,22,0,0,service_box,ad,far,0.317511,16.028511,no_mans_land,ad,near,-1.977273,-0.027746,0.54952,cross court,In,false,22:54:06,
Player A,5,none,Forehand,Topspin,46.352901,22,0,0,no_mans_land,deuce,near,0.447823,2.159995,out,ad,far,1.497515,26.431341,0.405708,down the line,In,false,22:54:08,
Player B,6,none,Forehand,Flat,42.935379,22,0,0,no_mans_land,ad,far,0.458353,21.055111,out,deuce,near,0.290546,-0.985281,1.202477,down the line,In,false,22:54:10,
Player A,7,none,Forehand,Topspin,58.337181,22,0,0,no_mans_land,ad,near,-1.362317,1.230341,out,ad,far,0.769225,26.293589,0.970295,cross court,In,false,22:54:12,
Player B,8,none,Backhand,Topspin,50.422314,22,0,0,no_mans_land,deuce,far,-2.460716,23.375961,out,ad,near,-1.851477,-1.592244,1.190826,down the line,In,false,22:54:13,
Player A,9,none,Backhand,Topspin,45.338169,22,0,0,out,deuce_alley,near,5.184077,-0.094127,out,deuce,far,-2.059491,25.957537,1.066595,down the line,Out,false,22:54:14,
Player A,0,none,Feed,Topspin,17.320551,23,0,0,service_box,deuce,near,0.916959,5.979635,out,ad,far,0.54498,25.969944,0.500992,---,In,false,22:54:18,
Player B,1,none,Forehand,Topspin,43.84053,23,0,0,service_box,ad,far,0.520529,16.487434,no_mans_land,deuce,near,0.988494,-0.251369,0.638348,down the line,In,false,22:54:20,
Player A,2,none,Forehand,Flat,50.225662,23,0,0,no_mans_land,deuce,near,0.856248,3.785184,out,ad,far,0.609809,25.593428,0.552774,down the line,In,false,22:54:22,
Player B,3,none,Forehand,Flat,51.993347,23,0,0,no_mans_land,deuce,far,-2.589632,23.6695,out,deuce,near,0.646735,-0.576066,1.362371,cross court,In,false,22:54:23,
Player A,4,none,Backhand,Topspin,47.285194,23,0,0,no_mans_land,ad,near,-2.437511,1.582971,out,deuce,far,-2.936842,26.265711,1.038212,down the line,In,false,22:54:25,
Player B,5,none,Backhand,Topspin,43.300278,23,0,0,no_mans_land,ad,far,0.159641,22.229218,out,ad,near,-2.358799,-1.951011,1.05222,cross court,In,false,22:54:26,
Player A,6,none,Forehand,Topspin,56.150311,23,0,0,no_mans_land,ad_alley,near,-4.748447,3.16514,out,ad,far,3.201281,26.492739,1.349607,down the line,Out,false,22:54:28,
Player B,0,none,Feed,Topspin,23.382744,24,0,0,service_box,deuce,far,-0.483387,16.983145,out,deuce,near,0.078394,-0.553005,0.644837,---,In,false,22:54:40,
Player A,1,none,Backhand,Topspin,43.03331,24,0,0,no_mans_land,deuce,near,1.966091,1.85206,out,deuce,far,-1.24141,25.636881,0.479264,cross court,In,false,22:54:42,
Player B,2,none,Forehand,Topspin,44.661076,24,0,0,service_box,deuce,near,1.037952,10.907784,out,deuce,near,2.627524,-1.178024,1.266428,cross court,Net,false,22:54:44,
Player B,0,none,Feed,Topspin,19.052607,25,0,0,no_mans_land,ad,far,0.503858,19.358801,no_mans_land,deuce,near,0.503858,2.408443,0.866567,---,In,false,22:54:53,
Player A,1,none,Forehand,Topspin,48.68763,25,0,0,no_mans_land,ad,near,-0.712328,2.666415,out,ad,far,1.215777,26.698751,0.734377,cross court,In,false,22:54:55,
Player B,2,none,Backhand,Flat,46.593811,25,0,0,no_mans_land,deuce,far,-0.641518,21.675617,out,ad,near,-1.376742,-1.80614,1.043167,down the line,In,false,22:54:57,
Player A,3,none,Backhand,Topspin,51.777817,25,0,0,no_mans_land,ad,near,-0.411053,4.571052,out,deuce,far,-0.721466,25.381067,1.17504,down the line,In,false,22:54:59,
Player B,4,none,Backhand,Flat,45.714752,25,0,0,out,ad,far,0.718747,24.568611,out,ad,near,-0.691934,-0.950359,0.833854,cross court,Out,false,22:55:00,
Player A,5,none,Forehand,Topspin,42.499844,25,0,0,no_mans_land,ad,near,-0.915736,2.355816,out,ad,far,0.718747,25.777399,0.7014,cross court,In,false,22:55:02,
Player B,6,none,Backhand,Flat,48.807896,25,0,0,service_box,deuce,far,-1.990026,17.435991,out,ad,near,-1.397997,-2.102626,1.275976,down the line,In,false,22:55:03,
Player A,7,none,Backhand,Topspin,42.338459,25,0,0,no_mans_land,deuce,near,0.686861,2.476543,out,deuce,far,-2.024163,25.846239,0.378985,cross court,In,false,22:55:05,
Player B,8,none,Backhand,Topspin,45.168961,25,0,0,no_mans_land,deuce,far,-3.581953,19.474476,out,deuce,near,0.95536,-0.757879,1.275487,inside out,In,false,22:55:07,
Player A,9,none,Backhand,Slice,32.248348,25,0,0,service_box,deuce,far,-1.188134,18.288,out,deuce,far,-4.019304,25.886528,1.185821,cross court,Net,false,22:55:09,
Player A,0,none,Feed,Topspin,17.320551,26,0,0,service_box,ad,near,-0.108027,5.871282,out,ad,far,0.358569,26.888332,0.687273,---,In,false,22:55:23,
Player B,1,none,Backhand,Flat,43.312702,26,0,0,out,deuce,far,-1.117666,25.085861,out,ad,near,-0.434142,-0.813921,0.648881,down the line,Out,false,22:55:25,
Player A,2,none,Backhand,Topspin,39.173195,26,0,0,no_mans_land,deuce,near,0.628793,4.077504,out,deuce,far,-1.117666,26.294649,0.640733,cross court,In,false,22:55:26,
Player B,3,none,Forehand,Flat,42.338306,26,0,0,no_mans_land,ad,far,1.226267,21.288229,out,deuce,near,1.13267,-1.227559,0.526572,down the line,In,false,22:55:28,
Player A,4,none,Forehand,Flat,55.261841,26,0,0,no_mans_land,ad,near,-0.798358,1.722809,out,ad,far,0.950599,25.891817,1.352795,cross court,In,false,22:55:30,
Player B,5,none,Backhand,Flat,53.002922,26,0,0,no_mans_land,ad,far,0.304037,21.842405,out,ad,near,-1.291342,-0.799936,0.786539,cross court,In,false,22:55:32,
Player A,6,none,Forehand,Flat,51.710381,26,0,0,no_mans_land,deuce,near,0.103548,2.028275,out,ad,far,0.279405,25.337645,1.145202,down the line,In,false,22:55:33,
Player B,7,none,Backhand,Flat,35.749256,26,0,0,service_box,ad,far,3.773842,17.20717,out,ad,near,-0.222696,-0.9996,1.003339,cross court,In,false,22:55:35,
Player A,8,none,Forehand,Topspin,45.99773,26,0,0,service_box,ad,near,-1.282817,7.094815,out,ad_alley,far,4.341664,25.190336,0.557795,down the line,In,false,22:55:37,
Player B,9,none,Backhand,Topspin,38.007603,26,0,0,service_box,ad,near,-2.521717,5.947461,no_mans_land,ad,near,-3.978762,1.861737,0.889348,cross court,Net,false,22:55:39,
Player B,0,none,Feed,Topspin,20.784662,27,0,0,no_mans_land,deuce,far,-1.377655,19.755505,no_mans_land,ad,near,-0.099113,-0.36127,0.621922,---,In,false,22:55:49,
Player A,1,none,Backhand,Topspin,51.635384,27,0,0,out,ad,near,-0.249473,-0.414105,out,deuce,far,-1.335804,26.640526,1.3337,down the line,Out,false,22:55:51,
Player B,2,none,BH Volley,Flat,24.248772,27,0,0,service_box,ad_alley,near,-4.250472,5.931754,out,ad,near,-0.249473,-0.939352,0.493847,down the line,Net,false,22:55:53,
Player B,0,none,Feed,Flat,19.918634,28,0,0,no_mans_land,deuce,far,-0.427834,20.074131,no_mans_land,deuce,near,0.742495,0.284095,0.775036,---,In,false,22:55:55,
Player A,1,none,Backhand,Topspin,50.235126,28,0,0,no_mans_land,ad,near,-0.832704,2.076431,out,deuce,far,-0.839138,25.768599,1.361625,down the line,In,false,22:55:57,
Player B,2,none,Backhand,Flat,47.947304,28,0,0,service_box,deuce,far,-1.226547,18.02713,out,ad,near,-1.082408,-2.464342,1.304231,down the line,In,false,22:55:59,
Player A,3,none,Backhand,Slice,39.306065,28,0,0,no_mans_land,deuce,near,0.530277,2.840234,no_mans_land,deuce,far,-0.571784,24.958956,1.261236,cross court,In,false,22:56:00,
Player B,4,none,Forehand,Flat,46.468861,28,0,0,service_box,ad,far,1.175949,16.696079,out,deuce,near,0.250164,-1.147896,0.900004,down the line,In,false,22:56:02,
Player A,5,none,Forehand,Topspin,46.007107,28,0,0,no_mans_land,ad,near,-0.947037,1.455902,out,ad,far,1.339753,26.081644,0.568257,cross court,In,false,22:56:04,
Player B,6,none,Backhand,Flat,38.998878,28,0,0,no_mans_land,deuce_alley,far,-4.699385,20.301069,out,ad,near,-1.320944,-3.199223,1.347267,down the line,Out,false,22:56:06,
Player A,7,none,Backhand,Topspin,37.815613,28,0,0,service_box,deuce,near,0.514306,5.938429,out,deuce_out,far,-5.511237,26.009602,1.170948,down the line,In,false,22:56:09,
Player B,8,none,Forehand,Topspin,45.970394,28,0,0,service_box,ad,far,2.190875,17.600597,out,deuce,near,1.664551,-0.6642,0.824595,down the line,In,false,22:56:11,
Player A,9,none,Forehand,Topspin,55.482571,28,0,0,no_mans_land,deuce,near,0.421788,4.256513,out,ad,far,2.444373,25.262846,0.713267,down the line,In,false,22:56:13,
Player B,10,none,Forehand,Flat,55.634167,28,0,0,no_mans_land,deuce,far,-2.034088,21.597509,out,ad,near,-0.342424,-1.484667,0.895241,inside in,In,false,22:56:14,
Player A,11,none,Backhand,Flat,51.456955,28,0,0,no_mans_land,deuce,near,2.713737,0.333977,out,deuce,far,-2.218862,26.571981,1.104555,cross court,In,false,22:56:15,
Player B,12,none,Forehand,Flat,44.918503,28,0,0,no_mans_land,ad,far,1.65497,21.726486,out,deuce,near,3.10531,-1.433558,1.319494,down the line,In,false,22:56:17,
Player A,13,none,Forehand,Topspin,63.39991,28,0,0,no_mans_land,ad,near,-2.332274,2.777321,out,ad,far,1.262998,25.381157,1.288077,cross court,In,false,22:56:18,
Player A,0,none,Feed,Flat,20.784662,29,0,0,no_mans_land,deuce,near,0.993186,2.586411,no_mans_land,deuce,far,-0.190141,24.469641,0.739653,---,In,false,22:56:41,
Player B,1,none,Forehand,Slice,35.339714,29,0,0,no_mans_land,deuce,far,-0.213731,20.290485,out,deuce,near,1.341391,-1.082262,1.583958,cross court,In,false,22:56:43,
Player A,2,none,Forehand,Topspin,46.421776,29,0,0,no_mans_land,deuce,near,0.101604,3.076446,out,deuce,far,-0.547422,26.024786,0.929577,inside out,In,false,22:56:46,
Player B,3,none,Forehand,Topspin,41.089855,29,0,0,no_mans_land,ad,far,1.108188,21.722042,out,deuce,near,0.10396,-2.556612,1.126199,down the line,In,false,22:56:47,
Player A,4,none,Forehand,Flat,38.675301,29,0,0,service_box,ad,near,-3.184081,6.328172,out,ad,far,0.925601,26.557177,1.38076,cross court,In,false,22:56:49,
Player B,5,none,Backhand,Topspin,46.396992,29,0,0,out,deuce,far,-0.054198,23.983454,out,ad_alley,near,-4.872745,-0.729208,1.121567,down the line,Out,false,22:56:51,
Player A,6,none,Backhand,Topspin,56.386673,29,0,0,no_mans_land,ad,near,-0.841367,0.631211,no_mans_land,deuce,far,-0.054198,24.762327,0.142385,down the line,In,false,22:56:53,
Player B,7,none,Forehand,Topspin,35.039776,29,0,0,no_mans_land,deuce_out,far,-5.776327,20.91987,out,ad,near,-0.973044,-2.114686,0.883721,inside in,Out,false,22:56:54,
Player A,0,none,Feed,Topspin,24.248772,30,0,0,no_mans_land,deuce,near,0.356957,2.734184,no_mans_land,deuce,far,-0.373477,24.782597,0.954914,---,In,false,22:57:00,
Player B,1,none,Forehand,Flat,36.48225,30,0,0,no_mans_land,ad,far,1.117355,19.526108,out,deuce,near,0.465762,-0.575068,1.659761,down the line,In,false,22:57:02,
Player A,2,none,Forehand,Topspin,45.824818,30,0,0,no_mans_land,ad,near,-0.627377,1.583831,out,ad,far,1.287024,26.488111,0.786889,cross court,In,false,22:57:04,
Player B,3,none,Backhand,Topspin,40.799557,30,0,0,service_box,deuce,far,-1.220698,15.781184,out,ad,near,-0.896656,-2.533133,1.397817,down the line,In,false,22:57:06,
Player A,4,none,Backhand,Slice,37.666527,30,0,0,no_mans_land,deuce,near,0.647955,3.80085,no_mans_land,deuce,far,-1.029517,24.602674,0.65322,cross court,In,false,22:57:08,
Player B,5,none,Forehand,Flat,45.651821,30,0,0,no_mans_land,ad,far,0.808226,20.619705,out,deuce,near,0.544275,-0.545404,0.865702,down the line,In,false,22:57:10,
Player A,6,none,Forehand,Flat,48.36898,30,0,0,no_mans_land,deuce,near,0.295138,0.452444,out,ad,far,0.895099,26.077944,1.111826,down the line,In,false,22:57:12,
Player B,7,none,Forehand,Flat,45.735229,30,0,0,service_box,deuce,far,-1.830319,17.182703,out,deuce,near,0.096666,-2.159996,1.024702,cross court,In,false,22:57:13,
Player A,8,none,Backhand,Topspin,47.637882,30,0,0,no_mans_land,deuce,near,2.692557,0.919758,out,deuce,far,-2.775738,25.415024,0.627147,cross court,In,false,22:57:15,
Player B,9,none,Forehand,Flat,38.569374,30,0,0,service_box,ad,near,-0.843318,10.859891,out,deuce,near,3.020427,-1.873317,0.923369,down the line,Net,false,22:57:16,
Player B,0,none,Feed,Flat,18.186579,31,0,0,no_mans_land,ad,far,0.507266,22.252218,no_mans_land,deuce,near,0.157905,2.65022,2.12936,---,In,false,22:57:20,
Player A,1,none,Forehand,Topspin,50.32378,31,0,0,service_box,ad,far,0.732863,17.323122,out,ad,far,0.428295,25.617338,1.626179,cross court,Net,false,22:57:22,
Player A,0,none,Feed,Flat,23.382744,32,0,0,no_mans_land,ad,near,-0.933907,2.18108,out,ad,far,0.577848,26.58304,0.672563,---,In,false,22:57:46,
Player B,1,none,Backhand,Topspin,46.953976,32,0,0,no_mans_land,deuce,far,-0.786064,19.634373,out,ad,near,-1.891375,-1.601652,1.139187,down the line,In,false,22:57:48,
Player A,2,none,Backhand,Topspin,40.082867,32,0,0,no_mans_land,ad,near,-1.128546,2.365124,out,deuce,far,-0.768478,26.293009,1.17462,down the line,In,false,22:57:49,
Player B,3,none,BH Volley,Flat,24.248772,32,0,0,service_box,ad,near,-1.894423,11.286659,no_mans_land,ad,near,-1.128546,1.839877,1.704664,cross court,Net,false,22:57:51,
Player A,0,none,Feed,Flat,20.784662,33,0,0,service_box,ad,near,-0.781024,6.451279,out,ad,far,0.755782,26.48208,0.671471,---,In,false,22:57:53,
Player B,1,none,Backhand,Flat,40.861431,33,0,0,out,deuce,far,-2.330997,24.538464,no_mans_land,ad,near,-1.699631,0.291237,0.851533,down the line,Out,false,22:57:55,
Player A,2,none,Backhand,Topspin,41.455696,33,0,0,no_mans_land,deuce_alley,near,4.243201,2.783397,out,deuce,far,-2.248949,26.485109,0.769545,down the line,Out,false,22:57:57,
Player B,3,none,Forehand,Topspin,37.02972,33,0,0,service_box,ad,far,0.748153,15.607994,out,deuce_out,near,5.722447,-1.877642,1.759496,down the line,In,false,22:57:59,
Player A,4,none,Forehand,Topspin,46.151825,33,0,0,no_mans_land,deuce,near,1.425836,3.730717,out,deuce,far,-0.674309,25.545034,1.012565,inside out,In,false,22:58:01,
Player B,5,none,Forehand,Slice,35.439373,33,0,0,no_mans_land,ad,far,0.161633,18.900663,out,deuce,near,1.798183,-1.388866,1.254008,down the line,In,false,22:58:03,
Player A,6,none,Forehand,Topspin,47.406841,33,0,0,no_mans_land,ad,near,-0.513274,4.093809,out,ad,far,0.047639,25.592958,0.642752,cross court,In,false,22:58:05,
Player B,7,none,Forehand,Topspin,46.350464,33,0,0,no_mans_land,deuce,far,-1.962663,19.466093,out,ad,near,-0.696524,-1.44758,1.047943,inside in,In,false,22:58:07,
Player A,8,none,Backhand,Topspin,48.623562,33,0,0,no_mans_land,deuce,near,0.38523,3.972292,out,deuce,far,-1.915789,26.024752,1.033466,cross court,In,false,22:58:09,
Player B,9,none,Forehand,Topspin,40.796124,33,0,0,out,deuce,far,-1.907596,24.537804,out,deuce,near,0.471923,-0.888152,1.172852,cross court,Out,false,22:58:10,
Player A,10,none,Backhand,Topspin,41.017334,33,0,0,service_box,ad,far,0.586263,16.094069,out,deuce,far,-1.907596,25.746592,0.703591,down the line,Net,false,22:58:12,
Player B,0,none,Feed,Flat,19.052607,34,0,0,no_mans_land,deuce,far,-0.060847,21.858681,no_mans_land,deuce,near,0.124334,2.425606,1.194509,---,In,false,22:58:14,
Player A,1,none,Forehand,Topspin,52.251553,34,0,0,service_box,deuce,near,1.353851,5.808966,out,deuce,far,-0.369245,26.422468,1.522811,inside out,In,false,22:58:16,
Player B,2,none,Forehand,Flat,47.976074,34,0,0,out,deuce,far,-2.345549,23.816368,no_mans_land,deuce,near,1.501759,0.303431,0.679595,cross court,Out,false,22:58:18,
Player A,3,none,BH Volley,Flat,18.186579,34,0,0,service_box,deuce,far,-3.824478,11.973148,out,deuce,far,-2.345549,25.025156,1.240409,cross court,Net,false,22:58:19,
Player A,0,none,Feed,Flat,23.382744,35,0,0,no_mans_land,ad,near,-0.440336,3.066051,out,ad,far,0.727546,25.35667,0.562258,---,In,false,22:58:38,
Player B,1,none,Backhand,Flat,45.710964,35,0,0,no_mans_land,deuce,far,-0.519344,21.551735,out,ad,near,-1.246927,-1.365033,0.749371,down the line,In,false,22:58:39,
Player A,2,none,Forehand,Topspin,56.6721,35,0,0,no_mans_land,ad,near,-2.714611,1.021247,out,deuce,far,-0.790401,25.397226,1.232973,inside in,In,false,22:58:41,
Player B,3,none,Backhand,Flat,40.836205,35,0,0,no_mans_land,deuce,far,-1.860208,23.729034,out,ad,near,-3.426017,-2.196649,1.095977,down the line,In,false,22:58:42,
Player A,4,none,BH Volley,Flat,22.516716,35,0,0,service_box,ad,far,1.229883,12.016702,no_mans_land,deuce,far,-1.860208,24.937822,0.622738,down the line,Net,false,22:58:44,
Player A,0,none,Feed,Topspin,24.248772,36,0,0,no_mans_land,deuce,near,0.508968,3.101218,out,ad,far,0.593911,25.819941,0.801392,---,In,false,22:58:46,
Player B,1,none,Forehand,Flat,45.850735,36,0,0,service_box,deuce,far,-1.174544,18.215555,out,deuce,near,0.494667,-2.410758,0.974033,cross court,In,false,22:58:48,
Player A,2,none,Backhand,Topspin,46.909058,36,0,0,no_mans_land,deuce,near,3.28222,3.785439,out,deuce,far,-1.881236,26.069159,0.773198,cross court,In,false,22:58:50,
Player B,3,none,Forehand,Topspin,46.357468,36,0,0,no_mans_land,deuce,far,-2.007257,21.833416,out,deuce_alley,near,4.74617,-1.477924,1.019955,down the line,In,false,22:58:52,
Player A,4,none,Backhand,Topspin,49.369095,36,0,0,no_mans_land,deuce,near,1.676322,4.581828,out,deuce,far,-2.957412,26.325109,1.231171,cross court,In,false,22:58:53,
Player B,5,none,Forehand,Flat,55.706573,36,0,0,no_mans_land,deuce,far,-3.277744,21.31052,no_mans_land,deuce,near,2.711891,-0.323371,1.060099,cross court,In,false,22:58:55,
Player A,6,none,Backhand,Topspin,43.598618,36,0,0,no_mans_land,ad,near,-0.615971,3.045321,out,deuce,far,-3.929705,26.300432,1.182847,down the line,In,false,22:58:56,
Player B,7,none,Forehand,Topspin,51.727142,36,0,0,no_mans_land,deuce,far,-2.048195,21.159225,out,ad,near,-0.017527,-0.938247,1.196327,inside in,In,false,22:58:58,
Player A,8,none,Backhand,Topspin,56.341526,36,0,0,no_mans_land,ad,near,-0.484561,4.306635,out,deuce,far,-2.411717,25.755634,1.520572,down the line,In,false,22:58:59,
Player B,9,none,Forehand,Flat,51.142094,36,0,0,no_mans_land,deuce,far,-0.815328,22.764727,out,deuce,near,0.151279,-0.887583,0.611145,cross court,In,false,22:59:01,
Player A,10,none,FH Volley,Flat,18.186579,36,0,0,service_box,ad,near,-0.445988,6.569278,no_mans_land,deuce,far,-0.815328,23.973515,0.878205,down the line,In,false,22:59:02,
Player B,11,none,Forehand,Topspin,44.509018,36,0,0,no_mans_land,ad,far,0.554059,19.861473,out,ad,near,-0.610482,-0.635959,0.622042,inside out,In,false,22:59:03,
Player A,12,none,Forehand,Topspin,49.069927,36,0,0,service_box,deuce,near,0.790641,5.494418,out,ad,far,0.809218,26.197538,1.080174,down the line,In,false,22:59:05,
Player B,13,none,Forehand,Topspin,47.302032,36,0,0,out,deuce,far,-2.542615,25.152859,out,deuce,near,0.611874,-0.620041,0.957079,cross court,Out,false,22:59:06,
Player B,0,none,Feed,Flat,20.784662,37,0,0,no_mans_land,deuce,far,-0.212553,22.320671,no_mans_land,deuce,near,0.089383,1.090683,1.334566,---,In,false,22:59:11,
Player A,1,none,Forehand,Topspin,47.175949,37,0,0,no_mans_land,deuce,near,0.316385,0.096066,out,deuce,far,-0.998451,26.931185,1.431487,inside out,In,false,22:59:13,
Player B,2,none,Forehand,Flat,40.655098,37,0,0,service_box,deuce,far,-2.657351,17.76152,out,deuce,near,0.190537,-2.287363,1.216816,cross court,In,false,22:59:14,
Player A,3,none,Backhand,Slice,40.872456,37,0,0,no_mans_land,ad,near,-0.25103,0.777891,out,deuce,far,-3.472844,25.357241,1.190706,down the line,In,false,22:59:16,
Player B,4,none,Forehand,Flat,55.426105,37,0,0,service_box,deuce,far,-1.958622,16.0816,out,ad,near,-0.31531,-3.064781,1.163941,inside in,In,false,22:59:18,
Player A,5,none,Backhand,Slice,44.872681,37,0,0,no_mans_land,deuce,near,1.567543,2.213631,no_mans_land,deuce,far,-3.027683,24.965416,0.576057,cross court,In,false,22:59:20,
Player B,6,none,Forehand,Topspin,49.418812,37,0,0,no_mans_land,ad,far,1.005868,20.406784,out,deuce,near,1.990651,-0.662059,0.916202,down the line,In,false,22:59:22,
Player A,7,none,Forehand,Flat,41.858444,37,0,0,no_mans_land,ad,near,-0.671306,4.482051,out,ad,far,0.984097,25.827394,1.186666,cross court,In,false,22:59:23,
Player B,8,none,Forehand,Topspin,52.805576,37,0,0,no_mans_land,deuce,far,-1.982599,20.24567,out,ad,near,-1.215028,-0.988914,1.383812,inside in,In,false,22:59:25,
Player A,9,none,Backhand,Topspin,50.501175,37,0,0,service_box,deuce,far,-0.894651,11.993679,out,deuce,far,-1.915578,25.622772,1.393185,cross court,Net,false,22:59:26,
Player A,0,none,Feed,Flat,24.248772,38,0,0,no_mans_land,deuce,near,0.567821,2.890069,out,ad,far,0.309969,25.068846,0.812216,---,In,false,22:59:51,
Player B,1,none,Forehand,Topspin,34.115471,38,0,0,service_box,ad_alley,far,4.788146,17.673227,out,deuce,near,0.540447,-1.601866,1.256243,down the line,Out,false,22:59:53,
Player A,2,none,Forehand,Topspin,36.089394,38,0,0,service_box,ad,near,-1.621173,6.91889,out,ad_alley,far,5.095334,25.165846,1.130918,down the line,In,false,22:59:55,
Player B,3,none,Backhand,Slice,33.67392,38,0,0,no_mans_land,deuce,far,-3.687779,19.113846,out,ad_alley,near,-4.793719,-0.803786,0.72057,down the line,In,false,22:59:57,
Player A,4,none,Backhand,Flat,31.391369,38,0,0,service_box,deuce,far,-1.881917,18.089914,no_mans_land,deuce,far,-3.322786,22.954477,1.343935,cross court,Net,false,23:00:00,
Player A,0,none,Feed,Flat,22.516716,39,0,0,no_mans_land,deuce,near,0.93868,1.934029,no_mans_land,deuce,far,-0.445532,24.721891,0.586015,---,In,false,23:00:05,
Player B,1,none,Forehand,Topspin,43.567429,39,0,0,no_mans_land,deuce,far,-2.038963,21.908413,out,deuce,near,1.3863,-2.39191,1.223648,cross court,In,false,23:00:06,
Player A,2,none,Backhand,Flat,48.832458,39,0,0,no_mans_land,deuce,near,1.754867,2.360215,out,deuce,far,-2.235289,26.770529,1.736548,cross court,In,false,23:00:08,
Player B,3,none,Forehand,Topspin,42.202621,39,0,0,out,deuce_alley,far,-4.589225,24.983284,out,deuce,near,2.633232,-1.771977,1.381185,down the line,Out,false,23:00:10,
Player A,0,none,Feed,Flat,20.784662,40,0,0,service_box,deuce,near,1.553466,7.140079,out,deuce,far,-2.21694,25.197054,1.153387,---,In,false,23:00:13,
Player B,1,none,Forehand,Topspin,45.166893,40,0,0,out,deuce,far,-0.796902,23.961552,out,deuce,near,2.894297,-1.438992,0.688895,cross court,Out,false,23:00:15,
Player A,2,none,Forehand,Topspin,34.821529,40,0,0,no_mans_land,ad,near,-3.720904,2.050401,out,deuce,far,-1.756237,26.132494,0.988973,inside in,In,false,23:00:16,
Player A,0,none,Forehand,Topspin,27.891838,41,0,0,out,deuce,far,-0.181727,23.972443,no_mans_land,deuce,far,-1.361794,24.472376,0.840717,inside out,Net,false,23:00:22,
Player A,0,none,Feed,Topspin,20.784662,42,0,0,no_mans_land,ad,near,-0.736317,3.351591,out,ad,far,0.012536,26.697525,0.662178,---,In,false,23:00:44,
Player B,1,none,Backhand,Topspin,43.582737,42,0,0,service_box,ad,far,0.790523,18.160393,out,ad,near,-1.580954,-1.885096,1.120945,cross court,In,false,23:00:46,
Player A,2,none,Forehand,Topspin,45.689808,42,0,0,no_mans_land,ad,near,-0.614743,3.131381,out,ad,far,1.352298,26.242052,1.02533,cross court,In,false,23:00:48,
Player B,3,none,Backhand,Flat,35.478493,42,0,0,no_mans_land,ad,far,0.976423,22.100391,out,ad,near,-1.21768,-2.769455,1.379633,cross court,In,false,23:00:50,
Player A,4,none,Forehand,Topspin,54.218281,42,0,0,no_mans_land,ad,near,-0.612393,3.279757,out,ad,far,1.319626,27.70553,1.23981,cross court,In,false,23:00:53,
Player B,5,none,Forehand,Flat,49.580929,42,0,0,service_box,deuce,near,0.978433,11.361132,out,ad,near,-0.975952,-1.9323,1.162081,inside in,Net,false,23:00:54,
Player B,0,none,Feed,Flat,22.516716,43,0,0,no_mans_land,deuce,far,-1.046954,19.786869,no_mans_land,ad,near,-0.269244,-0.247797,0.849223,---,In,false,23:00:57,
Player A,1,none,Backhand,Topspin,57.046497,43,0,0,no_mans_land,ad,near,-0.548733,0.081569,out,deuce,far,-1.275709,26.326927,1.447137,down the line,In,false,23:00:59,
Player B,2,none,Forehand,Flat,39.858868,43,0,0,no_mans_land,deuce,far,-2.212971,20.504679,out,ad,near,-0.708109,-1.504969,0.976104,inside in,In,false,23:01:01,
Player A,3,none,Backhand,Flat,52.859463,43,0,0,no_mans_land,deuce,near,2.736305,1.274458,out,deuce,far,-2.289238,26.866949,1.36244,cross court,In,false,23:01:03,
Player B,4,none,Forehand,Flat,47.440948,43,0,0,out,deuce_alley,far,-4.893882,25.337566,out,deuce,near,3.499561,-1.607221,1.277656,down the line,Out,false,23:01:04,
Player A,0,none,Feed,Topspin,19.052607,44,0,0,service_box,ad,near,-0.140038,6.622313,out,deuce,far,-0.76695,27.086397,0.717792,---,In,false,23:01:09,
Player B,1,none,Forehand,Topspin,42.706139,44,0,0,service_box,deuce,far,-0.353512,18.148987,out,ad,near,-0.106343,-1.512161,0.813352,inside in,In,false,23:01:11,
Player A,2,none,Forehand,Flat,62.721653,44,0,0,no_mans_land,ad,near,-2.879853,1.499254,out,deuce,far,-0.913625,26.271654,0.857417,inside in,In,false,23:01:13,
Player B,3,none,Backhand,Flat,36.800884,44,0,0,no_mans_land,ad,far,0.516349,21.295212,out,ad,near,-3.09949,-1.393948,1.025921,cross court,In,false,23:01:14,
Player A,4,none,Forehand,Topspin,50.755093,44,0,0,service_box,ad,near,-2.145053,6.177888,out,ad,far,3.520366,26.528975,1.279251,cross court,In,false,23:01:16,
Player B,5,none,Backhand,Flat,46.512711,44,0,0,out,deuce,far,-2.597207,24.498669,no_mans_land,ad,near,-4.064781,0.196838,1.077731,down the line,Out,false,23:01:18,
Player A,0,none,Feed,Flat,25.114799,45,0,0,service_box,ad,near,-1.187054,5.745381,out,deuce,far,-1.111079,25.04772,0.723234,---,In,false,23:01:32,
Player B,1,none,Backhand,Flat,39.787357,45,0,0,no_mans_land,deuce,far,-1.088406,23.065353,no_mans_land,ad,near,-1.088406,-0.475746,0.481223,down the line,In,false,23:01:33,
Player A,2,none,Forehand,Flat,59.9277,45,0,0,no_mans_land,ad,near,-0.35707,2.319795,out,deuce,far,-0.741293,26.029276,0.834799,inside in,In,false,23:01:36,
Player B,3,none,Backhand,Topspin,43.505634,45,0,0,no_mans_land,deuce,far,-0.687019,20.394638,out,ad,near,-0.480163,-0.847375,1.079164,down the line,In,false,23:01:37,
Player A,4,none,Backhand,Topspin,49.914753,45,0,0,no_mans_land,deuce,near,0.521215,2.430303,out,deuce,far,-0.785703,26.540663,1.011913,cross court,In,false,23:01:39,
Player B,5,none,Forehand,Flat,49.438816,45,0,0,no_mans_land,deuce,far,-2.361341,18.808973,out,deuce,near,0.45792,-1.482697,1.214651,cross court,In,false,23:01:41,
Player A,6,none,Backhand,Slice,45.08839,45,0,0,no_mans_land,ad,near,-1.50191,4.692943,no_mans_land,deuce,far,-2.671439,24.216539,1.011434,down the line,In,false,23:01:42,
Player B,7,none,Backhand,Flat,39.769157,45,0,0,no_mans_land,ad,far,3.244046,19.164789,no_mans_land,ad,near,-1.657959,0.226581,0.523684,cross court,In,false,23:01:44,
Player A,8,none,Forehand,Topspin,54.439651,45,0,0,service_box,ad,near,-1.343688,9.43563,out,ad,far,3.905884,25.106054,1.069085,cross court,In,false,23:01:45,
Player B,9,none,BH Volley,Flat,20.784662,45,0,0,no_mans_land,deuce,far,-3.238335,18.938681,service_box,ad,near,-1.343688,8.910383,2.18249,down the line,In,false,23:01:46,
Player A,0,none,Feed,Flat,23.382744,46,0,0,no_mans_land,ad,near,-0.893864,4.15757,no_mans_land,deuce,far,-1.69867,24.067871,1.456829,---,In,false,23:01:57,
Player B,1,none,Backhand,Topspin,46.083652,46,0,0,no_mans_land,ad,far,0.955945,21.065023,out,ad,near,-1.283937,-2.068956,1.155069,cross court,In,false,23:02:00,
Player A,2,none,Forehand,Topspin,51.599766,46,0,0,no_mans_land,ad,near,-2.594041,1.333848,out,ad,far,0.975788,25.74168,1.072261,cross court,In,false,23:02:01,
Player B,3,none,Backhand,Flat,48.349697,46,0,0,no_mans_land,ad,far,1.620094,19.275223,out,ad,near,-3.114834,-2.152637,1.069943,cross court,In,false,23:02:03,
Player A,4,none,Forehand,Topspin,52.124554,46,0,0,service_box,ad,near,-1.401663,6.377914,out,ad,far,2.575406,26.538357,0.864254,cross court,In,false,23:02:04,
Player B,5,none,Backhand,Slice,34.336979,46,0,0,no_mans_land,deuce_alley,far,-5.152892,21.575836,out,ad,near,-3.170153,-0.948639,0.348309,down the line,Out,false,23:02:06,
Player A,6,none,Backhand,Flat,43.327381,46,0,0,service_box,deuce,far,-2.414719,12.277486,out,deuce_alley,far,-5.428716,25.868504,1.80071,down the line,Net,false,23:02:09,
Player A,0,none,Feed,Flat,19.918634,47,0,0,no_mans_land,deuce,near,0.635724,2.120519,out,ad,far,0.059905,25.112085,0.619692,---,In,false,23:02:12,
Player B,1,none,Forehand,Topspin,38.62104,47,0,0,no_mans_land,ad,far,1.374365,20.94528,out,deuce,near,0.837352,-2.115324,1.37701,down the line,In,false,23:02:14,
Player A,2,none,Forehand,Flat,43.463333,47,0,0,service_box,ad_alley,near,-4.676136,9.840592,out,ad,far,1.697419,26.41588,1.682178,down the line,Out,false,23:02:16,
Player B,0,none,Feed,Flat,23.382744,48,0,0,no_mans_land,deuce,far,-0.029791,21.462379,no_mans_land,ad,near,-0.213451,0.796351,1.13799,---,In,false,23:02:19,
Player A,1,none,Forehand,Topspin,49.993649,48,0,0,service_box,deuce,near,0.710924,6.789816,out,deuce,far,-0.294131,25.822647,1.511872,inside out,In,false,23:02:21,
Player B,2,none,Forehand,Flat,36.021305,48,0,0,no_mans_land,ad,far,1.578093,21.200218,no_mans_land,deuce,near,0.745467,0.877344,0.309655,down the line,In,false,23:02:22,
Player A,3,none,Forehand,Topspin,46.44788,48,0,0,no_mans_land,deuce,near,0.455905,2.217013,out,ad,far,1.908772,26.746841,1.240189,down the line,In,false,23:02:24,
Player B,4,none,Forehand,Flat,50.736355,48,0,0,no_mans_land,deuce,far,-0.820035,18.582268,out,deuce,near,0.253909,-1.736899,1.178157,cross court,In,false,23:02:26,
Player A,5,none,Backhand,Topspin,47.166893,48,0,0,no_mans_land,deuce,near,1.506759,0.428423,out,deuce,far,-1.24135,25.513594,1.025853,cross court,In,false,23:02:28,
Player B,6,none,Forehand,Topspin,43.390652,48,0,0,no_mans_land,deuce,far,-2.725511,23.024038,out,deuce,near,1.679883,-1.541173,1.258982,cross court,In,false,23:02:29,
Player A,7,none,Backhand,Topspin,50.691296,48,0,0,no_mans_land,deuce,near,1.055506,2.609687,out,deuce,far,-2.43703,26.995821,1.474539,cross court,In,false,23:02:31,
Player B,8,none,Forehand,Flat,45.527191,48,0,0,no_mans_land,deuce,far,-3.429271,22.732243,out,deuce,near,1.318527,-0.920397,1.261417,cross court,In,false,23:02:32,
Player A,9,none,Backhand,Topspin,41.823975,48,0,0,no_mans_land,deuce,near,3.672077,2.750527,out,deuce,far,-3.830448,27.055952,1.108366,cross court,In,false,23:02:34,
Player A,10,none,Forehand,Flat,76.028366,48,0,0,no_mans_land,deuce,near,0.487709,4.107339,service_box,ad,far,2.211985,17.418036,2.341974,---,In,false,23:02:40,
Player B,11,none,Backhand,Topspin,53.894894,48,0,0,service_box,deuce,far,-1.874116,17.606913,out,ad,near,-0.566422,-0.994027,0.991375,down the line,In,false,23:02:41,
Player A,12,none,Backhand,Topspin,45.582687,48,0,0,no_mans_land,deuce,near,2.095287,3.645863,out,deuce,far,-2.313206,25.025534,0.573995,cross court,In,false,23:02:43,
Player B,13,none,Forehand,Flat,46.737198,48,0,0,service_box,deuce,far,-2.281591,15.204503,no_mans_land,deuce,near,2.652674,-0.084385,0.808555,cross court,In,false,23:02:44,
Player A,0,none,Feed,Topspin,23.382744,49,0,0,no_mans_land,deuce,near,1.101335,3.266121,no_mans_land,ad,far,0.64814,23.379822,0.608385,---,In,false,23:03:04,
Player B,1,none,Forehand,Topspin,40.093422,49,0,0,no_mans_land,deuce,far,-0.979437,18.963408,out,deuce,near,1.469499,-1.301533,1.189216,cross court,In,false,23:03:06,
Player A,2,none,Backhand,Flat,48.50032,49,0,0,no_mans_land,deuce,near,0.819862,3.272313,out,deuce,far,-1.591206,25.615858,1.17778,cross court,In,false,23:03:08,
Player B,3,none,Forehand,Flat,41.687634,49,0,0,out,deuce_out,far,-5.744798,24.216728,out,deuce,near,1.189972,-0.571468,1.316938,down the line,Out,false,23:03:09,
Player A,4,none,Backhand,Topspin,47.965485,49,0,0,no_mans_land,deuce,near,0.364232,2.594363,out,deuce,far,-2.661999,25.221811,1.009256,cross court,In,false,23:03:14,
Player B,5,none,Backhand,Flat,41.626278,49,0,0,out,ad,far,2.046385,23.868036,out,deuce,near,0.607829,-0.882275,0.82728,inside in,Out,false,23:03:16,
Player A,0,none,Feed,Flat,18.186579,50,0,0,service_box,ad,near,-0.663428,5.833413,no_mans_land,deuce,far,-0.389282,24.369822,0.915714,---,In,false,23:03:43,
Player B,1,none,Backhand,Topspin,43.038193,50,0,0,no_mans_land,deuce,far,-0.540798,23.179947,no_mans_land,ad,near,-0.920116,0.825882,0.308918,down the line,In,false,23:03:45,
Player A,2,none,Backhand,Flat,50.187462,50,0,0,no_mans_land,ad,near,-0.243127,3.31112,out,deuce,far,-0.786124,26.600109,1.198007,down the line,In,false,23:03:46,
Player B,3,none,Backhand,Flat,51.351089,50,0,0,out,deuce,far,-3.242098,24.256557,out,ad,near,-0.501121,-1.367936,0.989055,down the line,Out,false,23:03:48,
Player A,4,none,Backhand,Topspin,42.14698,50,0,0,no_mans_land,deuce,near,1.035097,4.482661,out,deuce,far,-3.416266,25.991858,0.693045,cross court,In,false,23:03:49,
Player B,5,none,Forehand,Flat,50.105244,50,0,0,no_mans_land,ad,far,2.766774,18.449789,out,deuce,near,1.85169,-0.852564,0.732165,down the line,In,false,23:03:51,
Player A,0,none,Feed,Topspin,25.114799,51,0,0,out,deuce,near,0.230136,-0.784524,no_mans_land,ad,far,1.493911,24.841379,0.573141,---,Out,false,23:03:56,
Player B,1,none,Backhand,Topspin,37.540272,51,0,0,service_box,deuce,far,-3.394398,17.657129,out,ad,near,-0.128666,-2.733825,1.221047,down the line,In,false,23:03:57,
Player A,2,none,Backhand,Flat,37.650658,51,0,0,no_mans_land,deuce,near,0.676704,3.184501,no_mans_land,deuce_alley,far,-4.192722,24.952402,0.67209,down the line,In,false,23:03:59,
Player B,3,none,Forehand,Flat,39.75489,51,0,0,no_mans_land,ad,far,3.243744,19.829046,out,deuce,near,0.869682,-1.038676,0.724865,down the line,In,false,23:04:02,
